datum,kapela_nazov,kapela_mesto,kapela_styl,kapela_bio,plagat,miesto,vstupne,cas,plagat_ikona,fb_event,kapela_spotify,kapela_facebook,kapela_instagram
30.4.2022,Saténové Ruky,Bratislava,Alternative-Rock,"Bratislavská partia okolo Kaska, Bebeho, Vlada Jančeka a Joža Lipu, na scéne od roku 2011. Svoj štýl si sami nazvali ""primitive rock"" a ""post-šansón"" – na konte majú albumy Bozkávam, Tretí album aj LOM.",https://cdn.jsdelivr.net/gh/koncerty-furmanka/koncerty@main/plagaty/2022-30-04.webp,Furmanka,Dobrovoľné,20:00,,,https://open.spotify.com/artist/76SLiygfp6VD31j1mFOknr,https://www.facebook.com/satenoveruky,https://www.instagram.com/satenoveruky/
30.4.2022,Kuca-Paca,Námestovo,Pivo-Punk,"Námestovská pivná punk-rocková stálica, ktorá o sebe hovorí jednoducho: ""Punk a Pivo od roku 2010.""",https://cdn.jsdelivr.net/gh/koncerty-furmanka/koncerty@main/plagaty/2022-30-04.webp,Furmanka,Dobrovoľné,20:00,,,https://open.spotify.com/artist/4iERzA8SsDxpy2QhO3V1Xv,https://www.facebook.com/kucapaca,
30.4.2022,Trstenica,Trstená,Hard Rock,"Hardrocková kapela z Trstenej, poctivé gitarové riffy priamo z Oravy.",https://cdn.jsdelivr.net/gh/koncerty-furmanka/koncerty@main/plagaty/2022-30-04.webp,Furmanka,Dobrovoľné,20:00,,,,,
2.9.2022,Brmbolce,Martin,Punk,"Martinská punk-rocková kapela s dlhou históriou striedania hudobníkov, ktorá si za tie roky prešla naozaj hodne zostavami, no melodický punk-rock s humorným rukopisom jej ostal verný.",https://cdn.jsdelivr.net/gh/koncerty-furmanka/koncerty@main/plagaty/2022-02-09.webp,Furmanka,Dobrovoľné,20:00,,https://www.facebook.com/events/1375042273251267,https://open.spotify.com/artist/6lzFGxDLVDzajKQIatoDUy,https://www.facebook.com/brmbolce,
2.9.2022,ZPunkRuky,Žilina,Punk,"Žilinská punková zostava, ktorá sa dala dokopy na jeden poriadny punkový večer vo Furmanke.",https://cdn.jsdelivr.net/gh/koncerty-furmanka/koncerty@main/plagaty/2022-02-09.webp,Furmanka,Dobrovoľné,20:00,,https://www.facebook.com/events/1375042273251267,,https://www.facebook.com/zpunkruky,
2.9.2022,DPH-DK,Dolný Kubín,Punk,"Dolnokubínska punková legenda, na ktorú dodnes s úctou spomínajú aj mladšie kapely z bratislavskej Oi! scény.",https://cdn.jsdelivr.net/gh/koncerty-furmanka/koncerty@main/plagaty/2022-02-09.webp,Furmanka,Dobrovoľné,20:00,,https://www.facebook.com/events/1375042273251267,,https://www.facebook.com/pages/DPH-DK/731758770171843,
24.9.2022,Robo Hulej,Štefanov nad Oravou,Folk,"Ľudový pesničkár zo Štefanova nad Oravou, ktorý svojím folklórnym prejavom a gitarou oživuje tradičné oravské piesne. Jeho tvorba je inšpirovaná životom na Orave, láska k prírode a ľudová muzika sú jeho hlavnými inšpiráciami. Pravidelne vystupuje na folklórnych podujatiach a kultúrnych akciách po celom Slovensku.",https://cdn.jsdelivr.net/gh/koncerty-furmanka/koncerty@main/plagaty/2022-24-09.webp,Furmanka,Dobrovoľné,20:00,,https://www.facebook.com/events/460375899304405,,,
24.9.2022,Záviš,Znojmo (CZ),Pornofolk,Pornofolková legenda zo Znojma. Nevhodné pre deti a citlivé povahy – to hovoria o sebe sami.,https://cdn.jsdelivr.net/gh/koncerty-furmanka/koncerty@main/plagaty/2022-24-09.webp,Furmanka,Dobrovoľné,20:00,,https://www.facebook.com/events/460375899304405,https://open.spotify.com/artist/65cLhumCCoEfaGcr7qTIj8,https://www.facebook.com/ZavisOFFICIAL,https://www.instagram.com/zavisofficial/
26.11.2022,Rozpor,Bratislava,Oi! Punk,"Bratislavská Oi!/hardcore-punková kapela založená v máji 1999, dodnes verná zásade ""urob si sám"" pod vlastnou značkou Žiadna značka – No Label. Za sebou má albumy Ilegálna spravodlivosť aj Hrubá Sila a dlhoročný jasný antifašistický postoj.",https://cdn.jsdelivr.net/gh/koncerty-furmanka/koncerty@main/plagaty/2022-26-11.webp,Furmanka,Dobrovoľné,20:00,,https://www.facebook.com/events/663674681812850,https://open.spotify.com/artist/2gknWXCKuVqcm1gEYxWnZQ,https://www.facebook.com/Rozpor,https://www.instagram.com/rozpor161/
26.11.2022,Nazi Tampons,Košice,Garage Punk,"Košický garage punk, ktorý o sebe sám hovorí ako o partii ""ugly perverse boys"". Ich debut Rande s vrahom zamával česko-slovenskou punkovou scénou svojím špinavým garážovým zvukom.",https://cdn.jsdelivr.net/gh/koncerty-furmanka/koncerty@main/plagaty/2022-26-11.webp,Furmanka,Dobrovoľné,20:00,,https://www.facebook.com/events/663674681812850,,https://www.facebook.com/NaziTampons,https://www.instagram.com/nazi_tampons/
26.11.2022,Kuca-Paca,Námestovo,Punk,"Námestovská pivná punk-rocková stálica, ktorá o sebe hovorí jednoducho: ""Punk a Pivo od roku 2010.""",https://cdn.jsdelivr.net/gh/koncerty-furmanka/koncerty@main/plagaty/2022-26-11.webp,Furmanka,Dobrovoľné,20:00,,https://www.facebook.com/events/663674681812850,https://open.spotify.com/artist/4iERzA8SsDxpy2QhO3V1Xv,https://www.facebook.com/kucapaca,
26.12.2022,Next,Námestovo,Rock Covery,"Rocková stálica dolnokubínsko-oravskej scény, ktorá roky ťahá tradičné tancovačky do skorého rána.",https://cdn.jsdelivr.net/gh/koncerty-furmanka/koncerty@main/plagaty/2022-26-12.webp,Furmanka,Dobrovoľné,20:00,,https://www.facebook.com/events/815912392844411,,https://www.facebook.com/nextkapela,
26.12.2022,Luke On The Bass,Dolný Kubín,Pop Rock,Dolnokubínska partia s rockovými hitmi a poriadnymi basovými linkami.,https://cdn.jsdelivr.net/gh/koncerty-furmanka/koncerty@main/plagaty/2022-26-12.webp,Furmanka,Dobrovoľné,20:00,,https://www.facebook.com/events/815912392844411,,,
25.3.2023,Dáša Fon Fľaša,Žilina,Acoustic Punk,"Žilinský DIY pesničkár a jednomužová punková inštitúcia, na scéne od polovice 2000s. Hrá akustický lo-fi folk-punk, koncertoval po celej Európe vrátane Londýna a má na konte hromadu splitov a albumov vydaných vlastnými silami.",https://cdn.jsdelivr.net/gh/koncerty-furmanka/koncerty@main/plagaty/2023-25-03.webp,Furmanka,Dobrovoľné,20:00,,https://www.facebook.com/events/1575640506289883,,https://www.facebook.com/dasafonflasa,
25.3.2023,Fajront,Banská Bystrica,Acoustic Punk,"Bystrický akustický punk bez zbytočných kudrlín, presne podľa mena – od podlahy.",https://cdn.jsdelivr.net/gh/koncerty-furmanka/koncerty@main/plagaty/2023-25-03.webp,Furmanka,Dobrovoľné,20:00,,https://www.facebook.com/events/1575640506289883,,,
25.3.2023,Andrej Cetera,Žilina,Acoustic Punk,Žilinský pesničkár na pomedzí akustického punku a poézie.,https://cdn.jsdelivr.net/gh/koncerty-furmanka/koncerty@main/plagaty/2023-25-03.webp,Furmanka,Dobrovoľné,20:00,,https://www.facebook.com/events/1575640506289883,,https://www.facebook.com/andrej.cetera,
22.4.2023,Etanol,Handlová,Punk Rock,"Punk-rocková kapela z Handlovej, rýchla a horľavá ako jej meno.",https://cdn.jsdelivr.net/gh/koncerty-furmanka/koncerty@main/plagaty/2022-22-04.webp,Furmanka,Dobrovoľné,20:00,,https://www.facebook.com/events/114134354973738,,,
13.5.2023,Tri Groše,Čadca,Punk,"Kultová punk-rocková kapela z Čadce, ktorá vznikla už 10. októbra 1988 a hrá dodnes – jedna z najstarších punkových kapiel na Slovensku. Ich kysucký punk je surový, priamočiary a bez zbytočných ozdôb, čo potvrdzuje aj nedávny album Koniec jednej epizódy.",https://cdn.jsdelivr.net/gh/koncerty-furmanka/koncerty@main/plagaty/2023-13-05.webp,Furmanka,Dobrovoľné,20:00,,https://www.facebook.com/events/926298438605953,https://open.spotify.com/artist/0Fi9o8A0CS2JYaEnuWoLAm,https://www.facebook.com/trigrose,https://www.instagram.com/tri_grose/
13.5.2023,Kuca-Paca,Námestovo,Punk,"Námestovská pivná punk-rocková stálica, ktorá o sebe hovorí jednoducho: ""Punk a Pivo od roku 2010.""",https://cdn.jsdelivr.net/gh/koncerty-furmanka/koncerty@main/plagaty/2023-13-05.webp,Furmanka,Dobrovoľné,20:00,,https://www.facebook.com/events/926298438605953,https://open.spotify.com/artist/4iERzA8SsDxpy2QhO3V1Xv,https://www.facebook.com/kucapaca,
27.5.2023,Raz-2-Try,Hruštín,Agro Heavy Punk od metra štvorcového,"Agro heavy punk od metra štvorcového priamo z Hruštína, pravidelný hosť aj na veľkých punkových zrazoch ako Slovenská krčma na Pohode.",https://cdn.jsdelivr.net/gh/koncerty-furmanka/koncerty@main/plagaty/2023-27-05.webp,Furmanka,Dobrovoľné,19:30,,,https://open.spotify.com/artist/691Yky9j0oJlTXFFxo7Uyh,https://www.facebook.com/raz2try,https://www.instagram.com/raz_2_try/
27.5.2023,Two Guitars,,,"Duo dvoch gitaristov, ktorí svojím akustickým prejavom prinášajú priateľskú a uvoľnenú atmosféru. Ich repertoár tvoria coververzie známych hitov aj vlastné piesne, pričom ich vystúpenia sú charakteristické jednoduchosťou, čistotou a harmóniou dvoch gitár.",https://cdn.jsdelivr.net/gh/koncerty-furmanka/koncerty@main/plagaty/2023-27-05.webp,Furmanka,Dobrovoľné,20:00,,,,,
7.10.2023,Vintage Boyz,Liptovský Mikuláš,Punk Rock,"Punk'n'rollové trio z Liptova okolo speváka TOMEho (Tomáš Mikulka, finalista Československo hľadá SuperStar 2020), inšpirované Rolling Stones a AC/DC – energický rock so slovenskými textami.",https://cdn.jsdelivr.net/gh/koncerty-furmanka/koncerty@main/plagaty/2023-07-10.webp,Furmanka,Dobrovoľné,20:00,,https://www.facebook.com/events/219548707468686,https://open.spotify.com/artist/5bObtYXvwoDIE6rTdhLMFv,https://www.facebook.com/vintageboyz,https://www.instagram.com/thevintageboyz/
7.10.2023,A Čo Teraz?!,Stará Bystrica,Punk,"Punková otázka zo Starej Bystrice, na ktorú je odpoveďou poriadne pogo.",https://cdn.jsdelivr.net/gh/koncerty-furmanka/koncerty@main/plagaty/2023-07-10.webp,Furmanka,Dobrovoľné,20:00,,https://www.facebook.com/events/219548707468686,,,
7.10.2023,Ironic Modern World,Topoľčany,Alternative,"Pôvodne sólový projekt gitaristu Ota, dnes indie-rock'n'rollová kapela z Topoľčian. Sami sa na Facebooku opisujú ako ""Pure rock'n'roll from a small town with no possible future!""",https://cdn.jsdelivr.net/gh/koncerty-furmanka/koncerty@main/plagaty/2023-07-10.webp,Furmanka,Dobrovoľné,20:00,,https://www.facebook.com/events/219548707468686,https://open.spotify.com/artist/3Apn8QUVrRaFxViEXMlkL6,https://www.facebook.com/IronicModernWorld,
4.11.2023,Nekultúra,Hlohovec,Punk,"Punková kapela z Hlohovca, hrajúca – ako o sebe sami hovoria – ""naslapaný punk s rockovým nádychom"", svoj štýl si prezývajú ""neprispôsobivý punk"". Na scéne už vyše 20 rokov.",https://cdn.jsdelivr.net/gh/koncerty-furmanka/koncerty@main/plagaty/2023-04-11.webp,Furmanka,Dobrovoľné,20:00,,https://www.facebook.com/events/1040397953634612,https://open.spotify.com/artist/0MOQRwDXdbbRnxsuNtpPRA,https://www.facebook.com/profile.php?id=100052996633027,
4.11.2023,Disident,Žilina,Punk Rock,"Žilinská punk-rock'n'rollová kapela zo Stránskeho, hrajúca od roku 1997/98. Roky zdieľala skúšobňu aj členov s undergroundovou žilinskou scénou okolo Dáše Fon Fľaše.",https://cdn.jsdelivr.net/gh/koncerty-furmanka/koncerty@main/plagaty/2023-04-11.webp,Furmanka,Dobrovoľné,20:00,,https://www.facebook.com/events/1040397953634612,,https://www.facebook.com/disident.punkrockband,
4.11.2023,Bokom Okolky,Bytča,Punk Rock,"Bytčiansky punk rock priamo k veci, kapela známa svojou energickou a rýchlou hrou.",https://cdn.jsdelivr.net/gh/koncerty-furmanka/koncerty@main/plagaty/2023-04-11.webp,Furmanka,Dobrovoľné,20:00,,https://www.facebook.com/events/1040397953634612,https://open.spotify.com/artist/1knWitbBR1e3GVLF78JBiP,https://www.facebook.com/bokomokolky,
26.12.2023,Arvagras,Nižná,Folk Rock,Folkrocková partia z Nižnej s oravskými koreňmi a chytľavými melódiami.,https://cdn.jsdelivr.net/gh/koncerty-furmanka/koncerty@main/plagaty/2023-26-12.webp,Furmanka,Dobrovoľné,20:00,,https://www.facebook.com/events/1433991024182838,,,
6.4.2024,Rumaska,Bratislava,Ska,"Bratislavská ska mašina – dychy a rytmy, pri ktorých sa nedá stáť.",https://cdn.jsdelivr.net/gh/koncerty-furmanka/koncerty@main/plagaty/2024-06-04.webp,Furmanka,Dobrovoľné,20:00,,https://www.facebook.com/events/1166829704309640,,https://www.facebook.com/rumaska,
6.4.2024,Karavana,Spišská Nová Ves,Reggae,"Reggae pohoda zo Spišskej Novej Vsi, ktorá roztancuje každý parket.",https://cdn.jsdelivr.net/gh/koncerty-furmanka/koncerty@main/plagaty/2024-06-04.webp,Furmanka,Dobrovoľné,20:00,,https://www.facebook.com/events/1166829704309640,https://open.spotify.com/artist/6SShgjYwZQZ8Nx2wo5IKdd,https://www.facebook.com/share/1DbsmLTQA9/,
26.7.2024,Kuca-Paca - Unplugged,Námestovo,Punk-Unplugged,"Kuca-Paca v akustickom šate – tá istá pivná punková partia z Námestova, len bez elektriky.",https://cdn.jsdelivr.net/gh/koncerty-furmanka/koncerty@main/plagaty/2024-26-07.webp,Furmanka,Dobrovoľné,20:00,,https://www.facebook.com/events/1166829704309640,https://open.spotify.com/artist/4iERzA8SsDxpy2QhO3V1Xv,https://www.facebook.com/kucapaca,
12.10.2024,Vintage Boyz,Liptovský Mikuláš,Rock,"Punk'n'rollové trio z Liptova okolo speváka TOMEho (Tomáš Mikulka, finalista Československo hľadá SuperStar 2020), inšpirované Rolling Stones a AC/DC – energický rock so slovenskými textami.",https://cdn.jsdelivr.net/gh/koncerty-furmanka/koncerty@main/plagaty/2024-12-10.webp,Furmanka,Dobrovoľné,20:00,,https://www.facebook.com/events/1067448751723103,https://open.spotify.com/artist/5bObtYXvwoDIE6rTdhLMFv,https://www.facebook.com/vintageboyz,https://www.instagram.com/thevintageboyz/
12.10.2024,Nekosené Lúky,Bratislava,Alternative,Bratislavská alternatíva s vlastným rukopisom a hustou atmosférou.,https://cdn.jsdelivr.net/gh/koncerty-furmanka/koncerty@main/plagaty/2024-12-10.webp,Furmanka,Dobrovoľné,20:00,,https://www.facebook.com/events/1067448751723103,https://open.spotify.com/artist/1m12GzIKXVSLTJXfiCS53q,https://www.facebook.com/nekoseneluky,
9.11.2024,Hasiaci Prístroj,Banská Bystrica,Punk,"Jedna z najstarších dodnes hrajúcich punkových kapiel na Slovensku, založená v roku 1990 v Banskej Bystrici. Spolu so Zónou A tvorili slovenskú punkovú špičku, prvé demo Pogoroll vydali v roku 1991 a hneď vyhrali celoslovenskú súťaž rockových skupín.",https://cdn.jsdelivr.net/gh/koncerty-furmanka/koncerty@main/plagaty/2024-09-11.webp,Furmanka,Dobrovoľné,20:00,,https://www.facebook.com/events/532252769525602,,https://www.facebook.com/hasiacipristroj,
9.11.2024,Dafy And The Rafters,Bratislava,Rockabilly,"Bratislavské punk-rock'n'rollové trio, ktoré si kritici radi porovnávajú so Zónou A. Debutový album Z inej planéty vyšiel v roku 2016, prvý koncert odohrali okolo roku 2012.",https://cdn.jsdelivr.net/gh/koncerty-furmanka/koncerty@main/plagaty/2024-09-11.webp,Furmanka,Dobrovoľné,20:00,,https://www.facebook.com/events/532252769525602,https://open.spotify.com/artist/1FEhgbSVVmmIqeptz60WFZ,https://www.facebook.com/DafyandtheRafters,
9.11.2024,Kuca-Paca,Námestovo,Punk,"Námestovská pivná punk-rocková stálica, ktorá o sebe hovorí jednoducho: ""Punk a Pivo od roku 2010.""",https://cdn.jsdelivr.net/gh/koncerty-furmanka/koncerty@main/plagaty/2024-09-11.webp,Furmanka,Dobrovoľné,20:00,,https://www.facebook.com/events/532252769525602,https://open.spotify.com/artist/4iERzA8SsDxpy2QhO3V1Xv,https://www.facebook.com/kucapaca,
30.11.2024,Etanol,Handlová,Punk Rock,"Punk-rocková kapela z Handlovej, rýchla a horľavá ako jej meno.",https://cdn.jsdelivr.net/gh/koncerty-furmanka/koncerty@main/plagaty/2024-30-11.webp,Furmanka,Dobrovoľné,20:00,,https://www.facebook.com/events/1259720938513594,,,
26.12.2024,Delirium,Tvrdošín,Rock Covery,Tvrdošínska kapela s rockovými covermi na poriadnu zábavu.,https://cdn.jsdelivr.net/gh/koncerty-furmanka/koncerty@main/plagaty/2024-26-12.webp,Furmanka,Dobrovoľné,20:00,,https://www.facebook.com/events/2026138857848099,,,
25.1.2025,Sitňan,Žiar Nad Hronom,Punk Rock,"Legendárna punk-rocková kapela zo Žiaru nad Hronom, na scéne od roku 1992 – meno si požičala od obľúbenej miestnej pivnej značky. Za sebou má tri desiatky rokov koncertov doma aj v Čechách a vlastný Sitňan fest.",https://cdn.jsdelivr.net/gh/koncerty-furmanka/koncerty@main/plagaty/2025-25-01.webp,Furmanka,Dobrovoľné,20:00,,https://www.facebook.com/events/947766713970859,,https://www.facebook.com/sitnanband,
25.1.2025,The Blots,Martin,Punk,"Martinský punk – rýchly, špinavý a úprimný.",https://cdn.jsdelivr.net/gh/koncerty-furmanka/koncerty@main/plagaty/2025-25-01.webp,Furmanka,Dobrovoľné,20:00,,https://www.facebook.com/events/947766713970859,,https://www.facebook.com/theblots,
26.4.2025,Parketový Lev,Bratislava,Rock,"Bratislavská rokenrolová kapela založená v roku 2018 bratmi Jánom a Jakubom Hrčkovcami (predtým Kaktus, Ramones Bratislava). Debutový album vyšiel u českého PHR Records.",https://cdn.jsdelivr.net/gh/koncerty-furmanka/koncerty@main/plagaty/2025-26-04.webp,Furmanka,Dobrovoľné,20:00,,https://www.facebook.com/events/1716331232597057,https://spoti.fi/2TdAieF,https://www.facebook.com/parketovylev,
26.4.2025,Ironic Modern World,Topoľčany,Alternative,"Pôvodne sólový projekt gitaristu Ota, dnes indie-rock'n'rollová kapela z Topoľčian. Sami sa na Facebooku opisujú ako ""Pure rock'n'roll from a small town with no possible future!""",https://cdn.jsdelivr.net/gh/koncerty-furmanka/koncerty@main/plagaty/2025-26-04.webp,Furmanka,Dobrovoľné,20:00,,https://www.facebook.com/events/1716331232597057,https://open.spotify.com/artist/3Apn8QUVrRaFxViEXMlkL6,https://www.facebook.com/IronicModernWorld,
19.7.2025,Tome,Liptovský Mikuláš,Akustik Covery,"Akustický sólo projekt Tomáša Mikulku, speváka kapely Vintage Boyz a finalistu Československo hľadá SuperStar 2020 – tentoraz len on, gitara a covery.",https://cdn.jsdelivr.net/gh/koncerty-furmanka/koncerty@main/plagaty/2025-19-07.webp,Furmanka,Dobrovoľné,20:00,,https://www.facebook.com/events/1057140226393532,,,
3.10.2025,Vydrapená Bužírka Punk System,Bratislava,Punk,"Bratislavský ""antišportový punk"" založený Michalom Kaščákom (áno, tým istým, čo stojí za festivalom Pohoda) spolu so Štefanom Kladivíkom a Mariánom Kováčom. Prvá punková kapela s vlastným čašníkom, ktorá roky nekompromisne bojuje proti akémukoľvek športu.",https://cdn.jsdelivr.net/gh/koncerty-furmanka/koncerty@main/plagaty/2025-03-10.webp,Furmanka,Dobrovoľné,20:00,,https://www.facebook.com/events/1117693083644603,https://open.spotify.com/artist/2V7ToFIEw0RQ4nh8btvgH5,https://www.facebook.com/vebepees,
3.10.2025,Nazi Tampons,Košice,Lo-fi Punk,"Košický garage punk, ktorý o sebe sám hovorí ako o partii ""ugly perverse boys"". Ich debut Rande s vrahom zamával česko-slovenskou punkovou scénou svojím špinavým garážovým zvukom.",https://cdn.jsdelivr.net/gh/koncerty-furmanka/koncerty@main/plagaty/2025-03-10.webp,Furmanka,Dobrovoľné,20:00,,https://www.facebook.com/events/1117693083644603,,https://www.facebook.com/NaziTampons,https://www.instagram.com/nazi_tampons/
8.11.2025,Mr. Teddy And The Sidekicks,Martin,Rockabilly,"Martinský rockabilly gang – kontrabas, brilantína a rock'n'roll.",https://cdn.jsdelivr.net/gh/koncerty-furmanka/koncerty@main/plagaty/2025-08-11.webp,Furmanka,Dobrovoľné,20:30,,https://www.facebook.com/events/1563020415050051,,https://www.facebook.com/mr.teddyandthesidekickSK,
29.11.2025,Vysoké Napětí,Vsetín (CZ),Punk,"Ska-punková kapela z Vsetína hrajúca od roku 1999, od roku 2006 s dychovou sekciou. Za sebou má štyri albumy a stovky odohraných koncertov po Česku aj Slovensku.",https://cdn.jsdelivr.net/gh/koncerty-furmanka/koncerty@main/plagaty/2025-29-11.webp,Furmanka,Dobrovoľné,20:30,,https://www.facebook.com/events/1563020415050051,https://open.spotify.com/artist/4tpm4xjny8JaIvNiM8Pfwg,https://www.facebook.com/share/1BtoCPf5vg/,
29.11.2025,RRØR,Brezová pod Bradlom,Punk,"Rockenrolová kapela z Brezovej pod Bradlom, ktorá sa sama na Facebooku opisuje výstižne: ""Rolls Rojce Rock'n Roll.""",https://cdn.jsdelivr.net/gh/koncerty-furmanka/koncerty@main/plagaty/2025-29-11.webp,Furmanka,Dobrovoľné,20:30,,https://www.facebook.com/events/1563020415050051,https://open.spotify.com/artist/4q5nADLlIWjMjigF3ONaRO,https://www.facebook.com/RRORband,
26.12.2025,Next,Dolný Kubín,Rock,"Rocková stálica dolnokubínsko-oravskej scény, ktorá roky ťahá tradičné tancovačky do skorého rána.",https://cdn.jsdelivr.net/gh/koncerty-furmanka/koncerty@main/plagaty/2025-26-12.webp,Furmanka,Dobrovoľné,20:30,,,,https://www.facebook.com/nextkapela,
17.1.2026,Brmbolce,Martin,Punk,"Martinská punk-rocková kapela s dlhou históriou striedania hudobníkov, ktorá si za tie roky prešla naozaj hodne zostavami, no melodický punk-rock s humorným rukopisom jej ostal verný.",https://cdn.jsdelivr.net/gh/koncerty-furmanka/koncerty@main/plagaty/2026-17-01.webp,Furmanka,Dobrovoľné,20:30,,https://www.facebook.com/events/1238456581467738,https://open.spotify.com/artist/6lzFGxDLVDzajKQIatoDUy,https://www.facebook.com/brmbolce,
17.1.2026,Kompromitacja,Zakopane (PL),Punk,Punk-ska banda zo Zakopaného – poľská energia bez kompromisov.,https://cdn.jsdelivr.net/gh/koncerty-furmanka/koncerty@main/plagaty/2026-17-01.webp,Furmanka,Dobrovoľné,20:30,,https://www.facebook.com/events/1238456581467738,https://open.spotify.com/artist/5BbM34aYNNsjG4IhIyPejc,https://www.facebook.com/share/1EH5NASydb/,
14.2.2026,Tri Groše,Čadca,Punk-Rock,"Kultová punk-rocková kapela z Čadce, ktorá vznikla už 10. októbra 1988 a hrá dodnes – jedna z najstarších punkových kapiel na Slovensku. Ich kysucký punk je surový, priamočiary a bez zbytočných ozdôb, čo potvrdzuje aj nedávny album Koniec jednej epizódy.",https://cdn.jsdelivr.net/gh/koncerty-furmanka/koncerty@main/plagaty/2026-14-02.webp,Furmanka,Dobrovoľné,20:30,,https://www.facebook.com/events/25618006131196734,https://open.spotify.com/artist/0Fi9o8A0CS2JYaEnuWoLAm,https://www.facebook.com/trigrose,https://www.instagram.com/tri_grose/
14.2.2026,Uhol Dopadu,Dubnica Nad Váhom,Punk-Rock,"Punk-alternative kapela z Dubnice nad Váhom, na scéne od jari 2008. Ich heslo znie ""nehrať sa niekoho, kým nie sme"" – spievajú o tom, čo ich hnevá, bez toho, aby sa hrali na niekoho iného.",https://cdn.jsdelivr.net/gh/koncerty-furmanka/koncerty@main/plagaty/2026-14-02.webp,Furmanka,Dobrovoľné,20:30,,https://www.facebook.com/events/25618006131196734,https://open.spotify.com/artist/0Tn93NgQ9UGL6PN0JwyxaM,https://www.facebook.com/uholdopadu,https://www.instagram.com/uholdopadu_band/
6.4.2026,Buggies,Námestovo,Rock Covery,Námestovské rockové covery na domácej pôde.,https://cdn.jsdelivr.net/gh/koncerty-furmanka/koncerty@main/plagaty/2026-06-04.webp,Furmanka,Dobrovoľné,20:00,,,,,
9.5.2026,The Lampions,Nižná,Progressive Punk,"Progresívny punk z Nižnej, ktorý si svieti vlastnou cestou po oravskej scéne.",https://cdn.jsdelivr.net/gh/koncerty-furmanka/koncerty@main/plagaty/2026-09-05.webp,Furmanka,Dobrovoľné,20:30,,,,https://www.facebook.com/TheLampions.sk,
9.5.2026,Raz-2-Try,Hruštín,Agro Heavy Punk od metra štvorcového,"Agro heavy punk od metra štvorcového priamo z Hruštína, pravidelný hosť aj na veľkých punkových zrazoch ako Slovenská krčma na Pohode.",https://cdn.jsdelivr.net/gh/koncerty-furmanka/koncerty@main/plagaty/2026-09-05.webp,Furmanka,Dobrovoľné,20:30,,,https://open.spotify.com/artist/691Yky9j0oJlTXFFxo7Uyh,https://www.facebook.com/raz2try,https://www.instagram.com/raz_2_try/
14.8.2026,Oto Paluš,Topoľčany,Akustik Covery,"Akustický sólový projekt gitaristu Ota, známeho z kapely Ironic Modern World. Vo svojich vystúpeniach prináša známe rockové a popové hity v akustickom aranžmáne, pričom nechýba ani jeho typický gitarový prejav a osobitý spev. Jeho koncerty sú vždy o úprimnej hudbe a blízkom kontakte s publikom.",https://cdn.jsdelivr.net/gh/koncerty-furmanka/koncerty@main/plagaty/2026-14-08.webp,Furmanka,Dobrovoľné,19:30,https://cdn.jsdelivr.net/gh/koncerty-furmanka/koncerty@main/najblizsie/2026-14-08N.png,,,,
19.9.2026,Sistem Erorr,Prešov,HC Punk,"HC punková kapela z Prešova. O nej samej sa hovorí, že ""okrem názvu nemá žiadnu chybu"" – ponúka priamočiare texty, chytľavé refrény a energický koncertný prejav, ktorý zaručuje poriadny zážitok. Na konte má niekoľko nahrávok, vrátane albumu ""A čo bude ďalej...""",https://cdn.jsdelivr.net/gh/koncerty-furmanka/koncerty@main/plagaty/2026-19-09.webp,Furmanka,Dobrovoľné,20:30,,https://open.spotify.com/artist/3Apn8QUVrRaFxViEXMlkL6,https://open.spotify.com/artist/1NRC2GpxnSnxxyXPXtDjyF,,
10.10.2026,Rumaska,Bratislava,Ska-Punk,"Bratislavská ska-punková kapela, ktorá vo svojej hudbe mieša ska, ska-punk a reggae. Svojou energiou a skvelou reputáciou si získala fanúšikov nielen na Slovensku, ale aj v Čechách. V roku 2020 vydala debutové EP so siedmimi piesňami a neskôr aj letný song ""Víkendová"".",https://cdn.jsdelivr.net/gh/koncerty-furmanka/koncerty@main/plagaty/2026-10-10.webp,Furmanka,Dobrovoľné,20:30,,https://open.spotify.com/artist/111111111,,https://www.facebook.com/rumaska,
10.10.2026,The Plan C,Liptovský Mikuláš,Punk-Rock,"Liptovskomikulášska punk-rocková kapela, ktorá na slovenskej scéne pôsobí od roku 2019. Hrá melodický punk rock s prvkami pop punku a ska. Ich repertoár tvoria prevažne vlastné skladby, ktoré sa vyznačujú energickými refrénmi a chytľavými melódiami. V roku 2023 vydali debutový album ""Návšteva"".",https://cdn.jsdelivr.net/gh/koncerty-furmanka/koncerty@main/plagaty/2026-10-10.webp,Furmanka,Dobrovoľné,20:30,,https://open.spotify.com/artist/6a7IWHCwNYVf0JphBakP8k,https://open.spotify.com/artist/6a7IWHCwNYVf0JphBakP8k,https://www.facebook.com/profile.php?id=100092405363635,https://www.instagram.com/theplancofficial/
21.11.2026,SKAcowani,Krakov (PL),Ska/Punk,"Osemčlenná ska/punková kapela z poľského Krakova, založená v roku 2014. Ich hudba je melodická, skočná a chytľavá – ako sami hovoria, hrajú ""kopúce do zadku ska"". V roku 2022 vydali debutový album ""Spirit of Ska"", na ktorom nájdete okrem gitary, basy a bicích aj puzón, trúbku a saxofón.",https://cdn.jsdelivr.net/gh/koncerty-furmanka/koncerty@main/plagaty/2026-21-11.webp,Furmanka,Dobrovoľné,20:30,,https://open.spotify.com/artist/06qHpGsTOhW4jZMtE733hl,https://open.spotify.com/artist/06qHpGsTOhW4jZMtE733hl,https://www.facebook.com/SKAcowani,
21.11.2026,Cascabel,Brezno,Folk Punk,"Horehronská folk-punková kapela z Brezna, ktorá vo svojej hudbe spája folk, punk, country a bluegrass. Svoj jedinečný štýl sami nazývajú ""Horehronie western"". Kapela disponuje netradičným nástrojovým zložením – banjo, husle, gitara, kontrabas a bicie. Ich energie si všímajú nielen na Slovensku, ale aj v zahraničí. V roku 2026 vydali nový album.",https://cdn.jsdelivr.net/gh/koncerty-furmanka/koncerty@main/plagaty/2026-21-11.webp,Furmanka,Dobrovoľné,20:30,,https://open.spotify.com/artist/5yF5dXzBZDRe1MT9HAr6fj,https://open.spotify.com/artist/5yF5dXzBZDRe1MT9HAr6fj,https://www.facebook.com/cascabelfolk,
26.12.2026,Jada,Martin,Rock Covery,"Martinská rocková kapela, ktorá sa špecializuje na rockové covery. Na pódiu ponúka energické vystúpenia a široký repertoár, ktorý zahŕňa známe hity od 80. rokov až po súčasnosť. Svojou profesionalitou a entuziazmom si získava publikum na rôznych akciách a koncertoch.",https://cdn.jsdelivr.net/gh/koncerty-furmanka/koncerty@main/plagaty/2026-26-12.webp,Furmanka,Dobrovoľné,20:30,,,,https://www.facebook.com/JadaBand,
30.1.2027,Karavana,Spišská Nová Ves,Reggae/Ska,"Reggae-ska-latinová kapela zo Spišskej Novej Vsi, ktorá vznikla v lete 1997. Hrá energickú zmes ska, reggae a world music a pravidelne vystupuje na festivaloch v celej strednej Európe. Ich repertoár tvoria vlastné skladby, pričom prvá vydaná skladba ""Za to všetko môže..."" sa objavila na kompilácii Top Ska And Reggae Hity. V roku 2003 nahrali prvý štúdiový album Kayla.",https://cdn.jsdelivr.net/gh/koncerty-furmanka/koncerty@main/plagaty/2027-30-01.webp,Furmanka,Dobrovoľné,20:30,,https://open.spotify.com/artist/6SShgjYwZQZ8Nx2wo5IKdd,https://open.spotify.com/artist/6SShgjYwZQZ8Nx2wo5IKdd,https://www.facebook.com/share/1DbsmLTQA9/,
30.1.2027,Vysoké Napětí,Vsetín (CZ),Ska-Punk,"Ska-punková kapela z Vsetína, ktorá aktívne hrá a koncertuje od roku 1999. Ich tvorba je charakteristická punkom s tubou a akordeónom. V roku 2002 vydali punkrockový album ""Každý to vidí jinak"" a o rok neskôr ""Punk's not business"". Kapela je známa svojou energiou a DIY prístupom, čo potvrdzuje aj ich nový klip natočený vlastnými silami.",https://cdn.jsdelivr.net/gh/koncerty-furmanka/koncerty@main/plagaty/2027-30-01.webp,Furmanka,Dobrovoľné,20:30,,https://open.spotify.com/artist/4tpm4xjny8JaIvNiM8Pfwg,https://open.spotify.com/artist/4tpm4xjny8JaIvNiM8Pfwg,https://www.facebook.com/share/1BtoCPf5vg/,
