url,popis,datum
https://wsrv.nl/?url=cdn.jsdelivr.net/gh/koncerty-furmanka/koncerty@main/fotky/2022-02-09%20%281%29.jpg&w=1200&q=75,,2.9.2022
https://wsrv.nl/?url=cdn.jsdelivr.net/gh/koncerty-furmanka/koncerty@main/fotky/2022-02-09%20%282%29.jpg&w=1200&q=75,,2.9.2022
https://wsrv.nl/?url=cdn.jsdelivr.net/gh/koncerty-furmanka/koncerty@main/fotky/2022-02-09%20%283%29.jpg&w=1200&q=75,,2.9.2022
https://wsrv.nl/?url=cdn.jsdelivr.net/gh/koncerty-furmanka/koncerty@main/fotky/2022-02-09%20%285%29.jpg&w=1200&q=75,,2.9.2022
https://wsrv.nl/?url=cdn.jsdelivr.net/gh/koncerty-furmanka/koncerty@main/fotky/2022-02-09%20%286%29.jpg&w=1200&q=75,,2.9.2022
https://wsrv.nl/?url=cdn.jsdelivr.net/gh/koncerty-furmanka/koncerty@main/fotky/2022-02-09%20%287%29.jpg&w=1200&q=75,,2.9.2022
https://wsrv.nl/?url=cdn.jsdelivr.net/gh/koncerty-furmanka/koncerty@main/fotky/2022-02-09%20%288%29.jpg&w=1200&q=75,,2.9.2022
https://wsrv.nl/?url=cdn.jsdelivr.net/gh/koncerty-furmanka/koncerty@main/fotky/2022-02-09%20%2810%29.jpg&w=1200&q=75,,2.9.2022
https://wsrv.nl/?url=cdn.jsdelivr.net/gh/koncerty-furmanka/koncerty@main/fotky/2022-02-09%20%2811%29.jpg&w=1200&q=75,,2.9.2022
https://wsrv.nl/?url=cdn.jsdelivr.net/gh/koncerty-furmanka/koncerty@main/fotky/2022-02-09%20%2812%29.jpg&w=1200&q=75,,2.9.2022
https://wsrv.nl/?url=cdn.jsdelivr.net/gh/koncerty-furmanka/koncerty@main/fotky/2022-02-09%20%2813%29.jpg&w=1200&q=75,,2.9.2022
https://wsrv.nl/?url=cdn.jsdelivr.net/gh/koncerty-furmanka/koncerty@main/fotky/2022-02-09%20%2814%29.jpg&w=1200&q=75,,2.9.2022
https://wsrv.nl/?url=cdn.jsdelivr.net/gh/koncerty-furmanka/koncerty@main/fotky/2022-02-09%20%2815%29.jpg&w=1200&q=75,,2.9.2022
https://wsrv.nl/?url=cdn.jsdelivr.net/gh/koncerty-furmanka/koncerty@main/fotky/2022-02-09%20%2816%29.jpg&w=1200&q=75,,2.9.2022
https://wsrv.nl/?url=cdn.jsdelivr.net/gh/koncerty-furmanka/koncerty@main/fotky/2022-04-30%20%281%29.jpg&w=1200&q=75,,30.4.2022
https://wsrv.nl/?url=cdn.jsdelivr.net/gh/koncerty-furmanka/koncerty@main/fotky/2022-04-30%20%282%29.jpg&w=1200&q=75,,30.4.2022
https://wsrv.nl/?url=cdn.jsdelivr.net/gh/koncerty-furmanka/koncerty@main/fotky/2022-04-30%20%283%29.jpg&w=1200&q=75,,30.4.2022
https://wsrv.nl/?url=cdn.jsdelivr.net/gh/koncerty-furmanka/koncerty@main/fotky/2022-04-30%20%284%29.jpg&w=1200&q=75,,30.4.2022
https://wsrv.nl/?url=cdn.jsdelivr.net/gh/koncerty-furmanka/koncerty@main/fotky/2022-04-30%20%285%29.jpg&w=1200&q=75,,30.4.2022
https://wsrv.nl/?url=cdn.jsdelivr.net/gh/koncerty-furmanka/koncerty@main/fotky/2022-04-30%20%288%29.jpg&w=1200&q=75,,30.4.2022
https://wsrv.nl/?url=cdn.jsdelivr.net/gh/koncerty-furmanka/koncerty@main/fotky/2022-04-30%20%289%29.jpg&w=1200&q=75,,30.4.2022
https://wsrv.nl/?url=cdn.jsdelivr.net/gh/koncerty-furmanka/koncerty@main/fotky/2022-04-30%20%2810%29.jpg&w=1200&q=75,,30.4.2022
https://wsrv.nl/?url=cdn.jsdelivr.net/gh/koncerty-furmanka/koncerty@main/fotky/2022-04-30%20%2811%29.jpg&w=1200&q=75,,30.4.2022
https://wsrv.nl/?url=cdn.jsdelivr.net/gh/koncerty-furmanka/koncerty@main/fotky/2022-04-30%20%2812%29.jpg&w=1200&q=75,,30.4.2022
https://wsrv.nl/?url=cdn.jsdelivr.net/gh/koncerty-furmanka/koncerty@main/fotky/2022-04-30%20%2813%29.jpg&w=1200&q=75,,30.4.2022
https://wsrv.nl/?url=cdn.jsdelivr.net/gh/koncerty-furmanka/koncerty@main/fotky/2022-04-30%20%2814%29.jpg&w=1200&q=75,,30.4.2022
https://wsrv.nl/?url=cdn.jsdelivr.net/gh/koncerty-furmanka/koncerty@main/fotky/2022-04-30%20%2815%29.jpg&w=1200&q=75,,30.4.2022
https://wsrv.nl/?url=cdn.jsdelivr.net/gh/koncerty-furmanka/koncerty@main/fotky/2022-24-09%20%281%29.jpg&w=1200&q=75,,24.9.2022
https://wsrv.nl/?url=cdn.jsdelivr.net/gh/koncerty-furmanka/koncerty@main/fotky/2022-24-09%20%282%29.jpg&w=1200&q=75,,24.9.2022
https://wsrv.nl/?url=cdn.jsdelivr.net/gh/koncerty-furmanka/koncerty@main/fotky/2022-24-09%20%283%29.jpg&w=1200&q=75,,24.9.2022
https://wsrv.nl/?url=cdn.jsdelivr.net/gh/koncerty-furmanka/koncerty@main/fotky/2022-24-09%20%284%29.jpg&w=1200&q=75,,24.9.2022
https://wsrv.nl/?url=cdn.jsdelivr.net/gh/koncerty-furmanka/koncerty@main/fotky/2022-24-09%20%285%29.jpg&w=1200&q=75,,24.9.2022
https://wsrv.nl/?url=cdn.jsdelivr.net/gh/koncerty-furmanka/koncerty@main/fotky/2022-24-09%20%286%29.jpg&w=1200&q=75,,24.9.2022
https://wsrv.nl/?url=cdn.jsdelivr.net/gh/koncerty-furmanka/koncerty@main/fotky/2022-24-09%20%287%29.jpg&w=1200&q=75,,24.9.2022
https://wsrv.nl/?url=cdn.jsdelivr.net/gh/koncerty-furmanka/koncerty@main/fotky/2022-26-11%20%281%29.jpg&w=1200&q=75,,26.11.2022
https://wsrv.nl/?url=cdn.jsdelivr.net/gh/koncerty-furmanka/koncerty@main/fotky/2022-26-11%20%282%29.jpg&w=1200&q=75,,26.11.2022
https://wsrv.nl/?url=cdn.jsdelivr.net/gh/koncerty-furmanka/koncerty@main/fotky/2022-26-11%20%283%29.jpg&w=1200&q=75,,26.11.2022
https://wsrv.nl/?url=cdn.jsdelivr.net/gh/koncerty-furmanka/koncerty@main/fotky/2022-26-11%20%284%29.jpg&w=1200&q=75,,26.11.2022
https://wsrv.nl/?url=cdn.jsdelivr.net/gh/koncerty-furmanka/koncerty@main/fotky/2022-26-11%20%285%29.jpg&w=1200&q=75,,26.11.2022
https://wsrv.nl/?url=cdn.jsdelivr.net/gh/koncerty-furmanka/koncerty@main/fotky/2022-26-11%20%286%29.jpg&w=1200&q=75,,26.11.2022
https://wsrv.nl/?url=cdn.jsdelivr.net/gh/koncerty-furmanka/koncerty@main/fotky/2022-26-11%20%287%29.jpg&w=1200&q=75,,26.11.2022
https://wsrv.nl/?url=cdn.jsdelivr.net/gh/koncerty-furmanka/koncerty@main/fotky/2022-26-11%20%288%29.jpg&w=1200&q=75,,26.11.2022
https://wsrv.nl/?url=cdn.jsdelivr.net/gh/koncerty-furmanka/koncerty@main/fotky/2022-26-11%20%289%29.jpg&w=1200&q=75,,26.11.2022
https://wsrv.nl/?url=cdn.jsdelivr.net/gh/koncerty-furmanka/koncerty@main/fotky/2022-26-11%20%2810%29.jpg&w=1200&q=75,,26.11.2022
https://wsrv.nl/?url=cdn.jsdelivr.net/gh/koncerty-furmanka/koncerty@main/fotky/2022-26-12%20%281%29.jpg&w=1200&q=75,,26.12.2022
https://wsrv.nl/?url=cdn.jsdelivr.net/gh/koncerty-furmanka/koncerty@main/fotky/2022-26-12%20%282%29.jpg&w=1200&q=75,,26.12.2022
https://wsrv.nl/?url=cdn.jsdelivr.net/gh/koncerty-furmanka/koncerty@main/fotky/2023-25-03%20%281%29.jpg&w=1200&q=75,,25.3.2023
https://wsrv.nl/?url=cdn.jsdelivr.net/gh/koncerty-furmanka/koncerty@main/fotky/2023-25-03%20%282%29.jpg&w=1200&q=75,,25.3.2023
https://wsrv.nl/?url=cdn.jsdelivr.net/gh/koncerty-furmanka/koncerty@main/fotky/2023-25-03%20%283%29.jpg&w=1200&q=75,,25.3.2023
https://wsrv.nl/?url=cdn.jsdelivr.net/gh/koncerty-furmanka/koncerty@main/fotky/2023-25-03%20%285%29.jpg&w=1200&q=75,,25.3.2023
https://wsrv.nl/?url=cdn.jsdelivr.net/gh/koncerty-furmanka/koncerty@main/fotky/2023-25-03%20%286%29.jpg&w=1200&q=75,,25.3.2023
https://wsrv.nl/?url=cdn.jsdelivr.net/gh/koncerty-furmanka/koncerty@main/fotky/2023-25-03%20%287%29.jpg&w=1200&q=75,,25.3.2023
